author,author_created_utc,author_flair_background_color,author_flair_css_class,author_flair_richtext,author_flair_text,author_flair_text_color,author_flair_type,author_fullname,brand_safe,contest_mode,created_utc,domain,full_link,gilded,id,is_crosspostable,is_reddit_media_domain,is_self,is_video,link_flair_richtext,link_flair_text_color,link_flair_type,locked,media_embed,no_follow,num_comments,num_crossposts,over_18,parent_whitelist_status,permalink,retrieved_on,rte_mode,score,secure_media_embed,selftext,send_replies,spoiler,stickied,subreddit,subreddit_id,subreddit_type,suggested_sort,thumbnail,title,url,whitelist_status
drbonemonkey,1209412683.0,,,[],,,text,t2_34ww6,True,False,1240169990,infobarrel.com,https://www.reddit.com/r/personalfinance/comments/8dpp8/eliminate_your_debt_using_the_snowball_method/,0,8dpp8,True,False,False,False,[],dark,text,False,{},False,0,0,False,all_ads,/r/personalfinance/comments/8dpp8/eliminate_your_debt_using_the_snowball_method/,1522790060,markdown,5,{},,True,False,False,personalfinance,t5_2qstm,public,,,Eliminate Your Debt using the Snowball Method,http://www.infobarrel.com/How_To_Use_the_Snowball_Method_to_Eliminate_Your_Debt,all_ads
gen3ric,1199255690.0,,,"[{'e': 'text', 't': 'Subreddit Creator'}]",Subreddit Creator,,richtext,t2_327wf,True,False,1239819290,stltoday.com,https://www.reddit.com/r/personalfinance/comments/8cqfv/social_worker_saves_14_million_then_donates_it/,0,8cqfv,True,False,False,False,[],dark,text,False,{},False,0,0,False,all_ads,/r/personalfinance/comments/8cqfv/social_worker_saves_14_million_then_donates_it/,1522789301,markdown,2,{},,True,False,False,personalfinance,t5_2qstm,public,,,Social Worker saves 1.4 million then donates it all to charity.,http://www.stltoday.com/stltoday/news/stories.nsf/stlouiscitycounty/story/95052F7B696733CA8625759500189E1C?OpenDocument,all_ads
gen3ric,1199255690.0,,,"[{'e': 'text', 't': 'Subreddit Creator'}]",Subreddit Creator,,richtext,t2_327wf,True,False,1239654613,getrichslowly.org,https://www.reddit.com/r/personalfinance/comments/8c77l/ways_means/,0,8c77l,True,False,False,False,[],dark,text,False,{},True,0,0,False,all_ads,/r/personalfinance/comments/8c77l/ways_means/,1522788890,markdown,1,{},,True,False,False,personalfinance,t5_2qstm,public,,,Ways &amp; Means,http://www.getrichslowly.org/blog/2009/04/13/the-ways-and-means-of-coping-with-emergencies/,all_ads
SES07,1234985124.0,,,[],,,text,t2_3dv65,True,False,1239647671,firstchoicedebtresolution.wordpress.com,https://www.reddit.com/r/personalfinance/comments/8c68u/debt_settlement_process/,0,8c68u,False,False,False,False,[],dark,text,False,{},True,0,0,False,all_ads,/r/personalfinance/comments/8c68u/debt_settlement_process/,1522788867,markdown,1,{},,True,False,False,personalfinance,t5_2qstm,public,,default,Debt Settlement Process,http://firstchoicedebtresolution.wordpress.com/2009/04/13/debt-settlement-process/,all_ads
SES07,1234985124.0,,,[],,,text,t2_3dv65,True,False,1239111926,firstchoicedebtresolution.wordpress.com,https://www.reddit.com/r/personalfinance/comments/8an5t/bankruptcy_means_test/,0,8an5t,False,False,False,False,[],dark,text,False,{},True,0,0,False,all_ads,/r/personalfinance/comments/8an5t/bankruptcy_means_test/,1522787748,markdown,1,{},,True,False,False,personalfinance,t5_2qstm,public,,default,Bankruptcy Means Test,http://firstchoicedebtresolution.wordpress.com/2009/04/07/means-test-for-bankruptcy/,all_ads
gen3ric,1199255690.0,,,"[{'e': 'text', 't': 'Subreddit Creator'}]",Subreddit Creator,,richtext,t2_327wf,True,False,1238905427,articles.moneycentral.msn.com,https://www.reddit.com/r/personalfinance/comments/8a2oc/10_financial_commandments_for_your_30s/,0,8a2oc,True,False,False,False,[],dark,text,False,{},True,0,0,False,all_ads,/r/personalfinance/comments/8a2oc/10_financial_commandments_for_your_30s/,1522787333,markdown,1,{},,True,False,False,personalfinance,t5_2qstm,public,,,10 Financial Commandments for your 30's,http://articles.moneycentral.msn.com/SavingandDebt/LearnToBudget/10-financial-commandments-for-your-30s.aspx?page=1,all_ads
SES07,1234985124.0,,,[],,,text,t2_3dv65,True,False,1238591983,firstchoicedebtresolution.wordpress.com,https://www.reddit.com/r/personalfinance/comments/89666/not_good_your_credit_score/,0,89666,False,False,False,False,[],dark,text,False,{},True,0,0,False,all_ads,/r/personalfinance/comments/89666/not_good_your_credit_score/,1522786673,markdown,2,{},,True,False,False,personalfinance,t5_2qstm,public,,default,Not Good Your Credit Score,http://firstchoicedebtresolution.wordpress.com/2009/03/31/bankruptcy-good-for-lawyers-but-not-you/,all_ads
SES07,1234985124.0,,,[],,,text,t2_3dv65,True,False,1237983572,firstchoicedebtresolution.wordpress.com,https://www.reddit.com/r/personalfinance/comments/87csj/debt_tips/,0,87csj,True,False,False,False,[],dark,text,False,{},True,0,0,False,all_ads,/r/personalfinance/comments/87csj/debt_tips/,1522785340,markdown,2,{},,True,False,False,personalfinance,t5_2qstm,public,,default,Debt Tips,http://firstchoicedebtresolution.wordpress.com/2009/03/20/credit-card-debt/,all_ads
SES07,1234985124.0,,,[],,,text,t2_3dv65,True,False,1237982968,firstchoicedebtresolution.wordpress.com,https://www.reddit.com/r/personalfinance/comments/87cpu/bankruptcy_alternatives_do_not_file_bankruptcy/,0,87cpu,False,False,False,False,[],dark,text,False,{},True,0,0,False,all_ads,/r/personalfinance/comments/87cpu/bankruptcy_alternatives_do_not_file_bankruptcy/,1522785340,markdown,1,{},,True,False,False,personalfinance,t5_2qstm,public,,default,Bankruptcy Alternatives- Do Not File Bankruptcy!,http://firstchoicedebtresolution.wordpress.com/2009/03/24/bankruptcy-alternatives/,all_ads
SES07,1234985124.0,,,[],,,text,t2_3dv65,True,False,1237836864,firstchoicedebtresolution.wordpress.com,https://www.reddit.com/r/personalfinance/comments/86vp9/credit_cards/,0,86vp9,True,False,False,False,[],dark,text,False,{},True,1,0,False,all_ads,/r/personalfinance/comments/86vp9/credit_cards/,1522784988,markdown,2,{},,True,False,False,personalfinance,t5_2qstm,public,,default,credit cards,http://firstchoicedebtresolution.wordpress.com/2009/03/23/credit-cards-negotiation/,all_ads
SES07,1234985124.0,,,[],,,text,t2_3dv65,True,False,1237816559,firstchoicedebtresolution.wordpress.com,https://www.reddit.com/r/personalfinance/comments/86sdo/credit_card_myths/,0,86sdo,False,False,False,False,[],dark,text,False,{},True,1,0,False,all_ads,/r/personalfinance/comments/86sdo/credit_card_myths/,1522784921,markdown,0,{},,True,False,False,personalfinance,t5_2qstm,public,,default,Credit Card Myths,http://firstchoicedebtresolution.wordpress.com/2009/03/23/credit-card-myths/,all_ads
gen3ric,1199255690.0,,,"[{'e': 'text', 't': 'Subreddit Creator'}]",Subreddit Creator,,richtext,t2_327wf,True,False,1237421388,consumerismcommentary.com,https://www.reddit.com/r/personalfinance/comments/85r26/can_an_emergency_fun_be_too_big_i_say_no/,0,85r26,True,False,False,False,[],dark,text,False,{},True,0,0,False,all_ads,/r/personalfinance/comments/85r26/can_an_emergency_fun_be_too_big_i_say_no/,1522784168,markdown,1,{},,True,False,False,personalfinance,t5_2qstm,public,,,"Can an Emergency Fun be too big? I say, No.",http://www.consumerismcommentary.com/2009/03/18/can-an-emergency-fund-be-too-big/,all_ads
gen3ric,1199255690.0,,,"[{'e': 'text', 't': 'Subreddit Creator'}]",Subreddit Creator,,richtext,t2_327wf,True,False,1236975064,growingmoneyblog.com,https://www.reddit.com/r/personalfinance/comments/84hha/save_money_eat_better_brown_bag_it/,0,84hha,True,False,False,False,[],dark,text,False,{},True,0,0,False,all_ads,/r/personalfinance/comments/84hha/save_money_eat_better_brown_bag_it/,1522783244,markdown,1,{},,True,False,False,personalfinance,t5_2qstm,public,,,Save Money &amp; Eat Better - Brown bag it.,http://www.growingmoneyblog.com/archives/1895,all_ads
gen3ric,1199255690.0,,,"[{'e': 'text', 't': 'Subreddit Creator'}]",Subreddit Creator,,richtext,t2_327wf,True,False,1236792421,self.personalfinance,https://www.reddit.com/r/personalfinance/comments/83v8b/how_much_do_you_keep_in_an_emergency_fund/,0,83v8b,True,False,True,False,[],dark,text,False,{},False,2,0,False,all_ads,/r/personalfinance/comments/83v8b/how_much_do_you_keep_in_an_emergency_fund/,1522782794,markdown,2,{},,True,False,False,personalfinance,t5_2qstm,public,,self,How much do you keep in an Emergency Fund?,https://www.reddit.com/r/personalfinance/comments/83v8b/how_much_do_you_keep_in_an_emergency_fund/,all_ads
gen3ric,1199255690.0,,,"[{'e': 'text', 't': 'Subreddit Creator'}]",Subreddit Creator,,richtext,t2_327wf,True,False,1236710640,moneymonk.net,https://www.reddit.com/r/personalfinance/comments/83lm8/the_crossover_point/,0,83lm8,True,False,False,False,[],dark,text,False,{},True,0,0,False,all_ads,/r/personalfinance/comments/83lm8/the_crossover_point/,1522782596,markdown,1,{},,True,False,False,personalfinance,t5_2qstm,public,,,The Crossover Point,http://www.moneymonk.net/2009/03/what-is-crossover-point.html,all_ads
gen3ric,1199255690.0,,,"[{'e': 'text', 't': 'Subreddit Creator'}]",Subreddit Creator,,richtext,t2_327wf,True,False,1236621907,getrichslowly.org,https://www.reddit.com/r/personalfinance/comments/83aft/i_just_got_my_bonus_now_i_need_to_read_this/,0,83aft,True,False,False,False,[],dark,text,False,{},False,0,0,False,all_ads,/r/personalfinance/comments/83aft/i_just_got_my_bonus_now_i_need_to_read_this/,1522782369,markdown,2,{},,True,False,False,personalfinance,t5_2qstm,public,,,I just got my bonus. Now I need to read this.,http://www.getrichslowly.org/blog/2006/10/19/how-to-manage-a-windfall-successfully/,all_ads
gen3ric,1199255690.0,,,"[{'e': 'text', 't': 'Subreddit Creator'}]",Subreddit Creator,,richtext,t2_327wf,True,False,1236621279,genxfinance.com,https://www.reddit.com/r/personalfinance/comments/83acb/personal_finance_is_also_about_investing_in/,0,83acb,True,False,False,False,[],dark,text,False,{},False,0,0,False,all_ads,/r/personalfinance/comments/83acb/personal_finance_is_also_about_investing_in/,1522782366,markdown,2,{},,True,False,False,personalfinance,t5_2qstm,public,,,Personal Finance is also about Investing in yourself,http://genxfinance.com/2009/03/09/investing-in-your-most-valuable-asset-invest-in-yourself/,all_ads
LAstoryweaver,1236615915.0,,,[],,,text,t2_3em6w,True,False,1236616859,helium.com,https://www.reddit.com/r/personalfinance/comments/839lu/ideas_to_prepare_for_a_layoff_before_it_happens/,0,839lu,False,False,False,False,[],dark,text,False,{},True,0,0,False,all_ads,/r/personalfinance/comments/839lu/ideas_to_prepare_for_a_layoff_before_it_happens/,1522782352,markdown,1,{},,True,False,False,personalfinance,t5_2qstm,public,,default,Ideas to Prepare for a Layoff Before it Happens,http://www.helium.com/items/1365051-strategies-to-cushion-t-he-blow-of-a-layoff,all_ads
gen3ric,1199255690.0,,,"[{'e': 'text', 't': 'Subreddit Creator'}]",Subreddit Creator,,richtext,t2_327wf,True,False,1236322503,thewisdomjournal.com,https://www.reddit.com/r/personalfinance/comments/82j9z/how_i_paid_off_120k_in_52_months_wow/,0,82j9z,True,False,False,False,[],dark,text,False,{},False,0,0,False,all_ads,/r/personalfinance/comments/82j9z/how_i_paid_off_120k_in_52_months_wow/,1522781818,markdown,2,{},,True,False,False,personalfinance,t5_2qstm,public,,default,How I paid off $120k in 52 months - wow.,http://www.thewisdomjournal.com/Blog/how-i-paid-over-120000-in-debt-in-52-months/,all_ads
gen3ric,1199255690.0,,,"[{'e': 'text', 't': 'Subreddit Creator'}]",Subreddit Creator,,richtext,t2_327wf,True,False,1236290791,tipd.com,https://www.reddit.com/r/personalfinance/comments/82gbo/tipd_another_aggregator/,0,82gbo,True,False,False,False,[],dark,text,False,{},True,0,0,False,all_ads,/r/personalfinance/comments/82gbo/tipd_another_aggregator/,1522781756,markdown,1,{},,True,False,False,personalfinance,t5_2qstm,public,,default,Tip'd - another aggregator,http://tipd.com/,all_ads
gen3ric,1199255690.0,,,"[{'e': 'text', 't': 'Subreddit Creator'}]",Subreddit Creator,,richtext,t2_327wf,True,False,1236147259,moneyunder30.com,https://www.reddit.com/r/personalfinance/comments/81xxm/how_to_rollover_your_401k_into_an_ira/,0,81xxm,True,False,False,False,[],dark,text,False,{},True,0,0,False,all_ads,/r/personalfinance/comments/81xxm/how_to_rollover_your_401k_into_an_ira/,1522781380,markdown,1,{},,True,False,False,personalfinance,t5_2qstm,public,,,How to rollover your 401k into an IRA,http://www.moneyunder30.com/how-rollover-401k-ira,all_ads
gen3ric,1199255690.0,,,"[{'e': 'text', 't': 'Subreddit Creator'}]",Subreddit Creator,,richtext,t2_327wf,True,False,1236128482,nytimes.com,https://www.reddit.com/r/personalfinance/comments/81vxk/index_funds_win_again/,0,81vxk,True,False,False,False,[],dark,text,False,{},True,0,0,False,all_ads,/r/personalfinance/comments/81vxk/index_funds_win_again/,1522781339,markdown,1,{},,True,False,False,personalfinance,t5_2qstm,public,,default,Index Funds Win Again,http://www.nytimes.com/2009/02/22/your-money/stocks-and-bonds/22stra.html,all_ads
gen3ric,1199255690.0,,,"[{'e': 'text', 't': 'Subreddit Creator'}]",Subreddit Creator,,richtext,t2_327wf,True,False,1236074104,bargaineering.com,https://www.reddit.com/r/personalfinance/comments/81oev/picking_a_good_ira_brokerage_firm/,0,81oev,True,False,False,False,[],dark,text,False,{},True,0,0,False,all_ads,/r/personalfinance/comments/81oev/picking_a_good_ira_brokerage_firm/,1522781186,markdown,1,{},,True,False,False,personalfinance,t5_2qstm,public,,,Picking a good IRA brokerage firm,http://www.bargaineering.com/articles/best-ira-broker-brokerage.html,all_ads
gen3ric,1199255690.0,,,"[{'e': 'text', 't': 'Subreddit Creator'}]",Subreddit Creator,,richtext,t2_327wf,True,False,1236074008,ncnblog.com,https://www.reddit.com/r/personalfinance/comments/81oem/speed_up_debt_reduction_by_making_multiple/,0,81oem,True,False,False,False,[],dark,text,False,{},True,0,0,False,all_ads,/r/personalfinance/comments/81oem/speed_up_debt_reduction_by_making_multiple/,1522781186,markdown,1,{},,True,False,False,personalfinance,t5_2qstm,public,,,Speed up debt reduction by making multiple payments,http://www.ncnblog.com/2009/03/02/how-making-multiple-payments-can-speed-up-your-debt-reduction-progress/,all_ads
[deleted],,,,,,dark,,,True,False,1235113074,self.personalfinance,https://www.reddit.com/r/personalfinance/comments/7yuxx/why_was_this_reddit_banned/,0,7yuxx,False,False,True,False,[],dark,text,False,{},False,0,0,False,all_ads,/r/personalfinance/comments/7yuxx/why_was_this_reddit_banned/,1522779135,markdown,2,{},[deleted],True,False,False,personalfinance,t5_2qstm,public,,default,Why was this reddit banned???,https://www.reddit.com/r/personalfinance/comments/7yuxx/why_was_this_reddit_banned/,all_ads
gen3ric,1199255690.0,,,"[{'e': 'text', 't': 'Subreddit Creator'}]",Subreddit Creator,,richtext,t2_327wf,True,False,1235090081,thesimpledollar.com,https://www.reddit.com/r/personalfinance/comments/7ysm4/the_giving_pocket_i_like_like_this/,0,7ysm4,True,False,False,False,[],dark,text,False,{},True,1,0,False,all_ads,/r/personalfinance/comments/7ysm4/the_giving_pocket_i_like_like_this/,1522779085,markdown,1,{},,True,False,False,personalfinance,t5_2qstm,public,,,"""The Giving Pocket"" - I like like this.",http://www.thesimpledollar.com/2009/02/19/the-giving-pocket/,all_ads
gen3ric,1199255690.0,,,"[{'e': 'text', 't': 'Subreddit Creator'}]",Subreddit Creator,,richtext,t2_327wf,True,False,1235069551,fivecentnickel.com,https://www.reddit.com/r/personalfinance/comments/7yps8/money_time/,0,7yps8,True,False,False,False,[],dark,text,False,{},False,0,0,False,all_ads,/r/personalfinance/comments/7yps8/money_time/,1522779022,markdown,2,{},,True,False,False,personalfinance,t5_2qstm,public,,,Money &amp; Time,http://www.fivecentnickel.com/2009/02/19/turning-money-into-time/,all_ads
gen3ric,1199255690.0,,,"[{'e': 'text', 't': 'Subreddit Creator'}]",Subreddit Creator,,richtext,t2_327wf,True,False,1235033670,fitzvillafuerte.com,https://www.reddit.com/r/personalfinance/comments/7yl6d/save_money_or_pay_off_debt/,0,7yl6d,True,False,False,False,[],dark,text,False,{},False,0,0,False,all_ads,/r/personalfinance/comments/7yl6d/save_money_or_pay_off_debt/,1522778929,markdown,2,{},,True,False,False,personalfinance,t5_2qstm,public,,,Save Money or Pay Off Debt?,http://fitzvillafuerte.com/should-you-save-money-if-you-have-debts.html,all_ads
gen3ric,1199255690.0,,,"[{'e': 'text', 't': 'Subreddit Creator'}]",Subreddit Creator,,richtext,t2_327wf,True,False,1235005550,erica.biz,https://www.reddit.com/r/personalfinance/comments/7yiad/should_you_buy_or_rent/,0,7yiad,True,False,False,False,[],dark,text,False,{},True,0,0,False,all_ads,/r/personalfinance/comments/7yiad/should_you_buy_or_rent/,1522778872,markdown,1,{},,True,False,False,personalfinance,t5_2qstm,public,,,Should you Buy or Rent?,http://www.erica.biz/2008/when-should-you-buy-real-estate-and-when-is-it-better-to-rent/,all_ads
gen3ric,1199255690.0,,,"[{'e': 'text', 't': 'Subreddit Creator'}]",Subreddit Creator,,richtext,t2_327wf,True,False,1234983677,fivecentnickel.com,https://www.reddit.com/r/personalfinance/comments/7yfa0/additional_taxpayer_benefits_in_the_economic/,0,7yfa0,True,False,False,False,[],dark,text,False,{},False,0,0,False,all_ads,/r/personalfinance/comments/7yfa0/additional_taxpayer_benefits_in_the_economic/,1522778811,markdown,2,{},,True,False,False,personalfinance,t5_2qstm,public,,,Additional Taxpayer Benefits in the Economic Stimulus Package,http://www.fivecentnickel.com/2009/02/18/taxpayer-benefits-in-the-economic-stimulus-package/,all_ads
gen3ric,1199255690.0,,,"[{'e': 'text', 't': 'Subreddit Creator'}]",Subreddit Creator,,richtext,t2_327wf,True,False,1234942784,stopbuyingcrap.com,https://www.reddit.com/r/personalfinance/comments/7ya73/more_on_the_8000_first_time_homebuyer_tax_credit/,0,7ya73,True,False,False,False,[],dark,text,False,{},True,0,0,False,all_ads,/r/personalfinance/comments/7ya73/more_on_the_8000_first_time_homebuyer_tax_credit/,1522778710,markdown,1,{},,True,False,False,personalfinance,t5_2qstm,public,,,More on the $8000 First Time Homebuyer Tax Credit,http://www.stopbuyingcrap.com/personal-finance/information-on-the-8000-first-time-homebuyer-tax-credit/,all_ads
gen3ric,1199255690.0,,,"[{'e': 'text', 't': 'Subreddit Creator'}]",Subreddit Creator,,richtext,t2_327wf,True,False,1234911479,allfinancialmatters.com,https://www.reddit.com/r/personalfinance/comments/7y6nd/emergency_fund_question/,0,7y6nd,True,False,False,False,[],dark,text,False,{},True,0,0,False,all_ads,/r/personalfinance/comments/7y6nd/emergency_fund_question/,1522778637,markdown,1,{},,True,False,False,personalfinance,t5_2qstm,public,,,Emergency Fund Question,http://allfinancialmatters.com/2009/02/17/reader-question-regarding-emergency-funds/,all_ads
gen3ric,1199255690.0,,,"[{'e': 'text', 't': 'Subreddit Creator'}]",Subreddit Creator,,richtext,t2_327wf,True,False,1234911266,toughmoneylove.com,https://www.reddit.com/r/personalfinance/comments/7y6mc/be_your_own_financial_planner/,0,7y6mc,True,False,False,False,[],dark,text,False,{},True,0,0,False,all_ads,/r/personalfinance/comments/7y6mc/be_your_own_financial_planner/,1522778635,markdown,1,{},,True,False,False,personalfinance,t5_2qstm,public,,,Be your own Financial Planner,http://toughmoneylove.com/2009/02/17/being-your-own-financial-planner/,all_ads
gen3ric,1199255690.0,,,"[{'e': 'text', 't': 'Subreddit Creator'}]",Subreddit Creator,,richtext,t2_327wf,True,False,1234904132,moneyunder30.com,https://www.reddit.com/r/personalfinance/comments/7y5k4/8k_for_the_first_time_home_buyer_tax_credit/,0,7y5k4,True,False,False,False,[],dark,text,False,{},True,0,0,False,all_ads,/r/personalfinance/comments/7y5k4/8k_for_the_first_time_home_buyer_tax_credit/,1522778615,markdown,1,{},,True,False,False,personalfinance,t5_2qstm,public,,,$8k for the First Time Home Buyer (Tax Credit),http://www.moneyunder30.com/8000-first-time-home-buyer-tax-credit,all_ads
gen3ric,1199255690.0,,,"[{'e': 'text', 't': 'Subreddit Creator'}]",Subreddit Creator,,richtext,t2_327wf,True,False,1234853716,mydollarplan.com,https://www.reddit.com/r/personalfinance/comments/7xz0i/the_ultimate_tax_resource_guide/,0,7xz0i,True,False,False,False,[],dark,text,False,{},True,0,0,False,all_ads,/r/personalfinance/comments/7xz0i/the_ultimate_tax_resource_guide/,1522778483,markdown,1,{},,True,False,False,personalfinance,t5_2qstm,public,,,The Ultimate Tax Resource Guide,http://www.mydollarplan.com/tax-resource-guide/,all_ads
gen3ric,1199255690.0,,,"[{'e': 'text', 't': 'Subreddit Creator'}]",Subreddit Creator,,richtext,t2_327wf,True,False,1234807236,moneyunder30.com,https://www.reddit.com/r/personalfinance/comments/7xthp/should_i_buy_a_home_in_this_economy/,0,7xthp,True,False,False,False,[],dark,text,False,{},True,0,0,False,all_ads,/r/personalfinance/comments/7xthp/should_i_buy_a_home_in_this_economy/,1522778369,markdown,1,{},,True,False,False,personalfinance,t5_2qstm,public,,,Should I Buy a Home in this Economy?,http://www.moneyunder30.com/smart-buy-home-recession,all_ads
gen3ric,1199255690.0,,,"[{'e': 'text', 't': 'Subreddit Creator'}]",Subreddit Creator,,richtext,t2_327wf,True,False,1234806623,bargaineering.com,https://www.reddit.com/r/personalfinance/comments/7xten/the_basics_of_retirement_investing/,0,7xten,True,False,False,False,[],dark,text,False,{},True,1,0,False,all_ads,/r/personalfinance/comments/7xten/the_basics_of_retirement_investing/,1522778367,markdown,1,{},,True,False,False,personalfinance,t5_2qstm,public,,,The Basics of Retirement Investing,http://www.bargaineering.com/articles/basics-of-retirement-investing.html,all_ads
gen3ric,1199255690.0,,,"[{'e': 'text', 't': 'Subreddit Creator'}]",Subreddit Creator,,richtext,t2_327wf,True,False,1234766997,thepennysaved.com,https://www.reddit.com/r/personalfinance/comments/7xoyw/calculating_income_vs_expense/,0,7xoyw,True,False,False,False,[],dark,text,False,{},True,0,0,False,all_ads,/r/personalfinance/comments/7xoyw/calculating_income_vs_expense/,1522778276,markdown,1,{},,True,False,False,personalfinance,t5_2qstm,public,,,Calculating Income vs Expense,http://thepennysaved.com/2009/02/15/calculating-income-vs-expense/,all_ads
gen3ric,1199255690.0,,,"[{'e': 'text', 't': 'Subreddit Creator'}]",Subreddit Creator,,richtext,t2_327wf,True,False,1234663020,toughmoneylove.com,https://www.reddit.com/r/personalfinance/comments/7xh0e/how_to_keep_your_job/,0,7xh0e,True,False,False,False,[],dark,text,False,{},True,0,0,False,all_ads,/r/personalfinance/comments/7xh0e/how_to_keep_your_job/,1522778115,markdown,1,{},,True,False,False,personalfinance,t5_2qstm,public,,,How to Keep Your Job,http://toughmoneylove.com/2009/02/14/how-to-keep-your-job/,all_ads
gen3ric,1199255690.0,,,"[{'e': 'text', 't': 'Subreddit Creator'}]",Subreddit Creator,,richtext,t2_327wf,True,False,1234593722,ncnblog.com,https://www.reddit.com/r/personalfinance/comments/7xbsj/how_to_create_a_zero_based_budget/,0,7xbsj,True,False,False,False,[],dark,text,False,{},True,0,0,False,all_ads,/r/personalfinance/comments/7xbsj/how_to_create_a_zero_based_budget/,1522778009,markdown,1,{},,True,False,False,personalfinance,t5_2qstm,public,,,How to Create a Zero Based Budget,http://www.ncnblog.com/2009/02/13/how-to-create-a-zero-based-budget/,all_ads
gen3ric,1199255690.0,,,"[{'e': 'text', 't': 'Subreddit Creator'}]",Subreddit Creator,,richtext,t2_327wf,True,False,1234461876,bargaineering.com,https://www.reddit.com/r/personalfinance/comments/7wxdb/10_recession_money_tips_for_young_professionals/,0,7wxdb,True,False,False,False,[],dark,text,False,{},True,0,0,False,all_ads,/r/personalfinance/comments/7wxdb/10_recession_money_tips_for_young_professionals/,1522777711,markdown,1,{},,True,False,False,personalfinance,t5_2qstm,public,,,10 Recession Money Tips for Young Professionals,http://www.bargaineering.com/articles/ten-recession-busting-money-tips-for-young-professionals.html,all_ads
gen3ric,1199255690.0,,,"[{'e': 'text', 't': 'Subreddit Creator'}]",Subreddit Creator,,richtext,t2_327wf,True,False,1234375737,slideshare.net,https://www.reddit.com/r/personalfinance/comments/7wmpi/average_is_not_normal/,0,7wmpi,True,False,False,False,[],dark,text,False,{},True,0,0,False,all_ads,/r/personalfinance/comments/7wmpi/average_is_not_normal/,1522777493,markdown,1,{},,True,False,False,personalfinance,t5_2qstm,public,,,Average is NOT NORMAL,http://www.slideshare.net/thinkingcarl/average-is-not-normal-presentation?type=powerpoint,all_ads
gen3ric,1199255690.0,,,"[{'e': 'text', 't': 'Subreddit Creator'}]",Subreddit Creator,,richtext,t2_327wf,True,False,1234375370,techbargains.com,https://www.reddit.com/r/personalfinance/comments/7wmnm/get_a_better_deal/,0,7wmnm,True,False,False,False,[],dark,text,False,{},True,0,0,False,all_ads,/r/personalfinance/comments/7wmnm/get_a_better_deal/,1522777491,markdown,0,{},,True,False,False,personalfinance,t5_2qstm,public,,default,Get a better deal,http://www.techbargains.com/news_displayItem.cfm/152952,all_ads
gen3ric,1199255690.0,,,"[{'e': 'text', 't': 'Subreddit Creator'}]",Subreddit Creator,,richtext,t2_327wf,True,False,1234261976,savingadvice.com,https://www.reddit.com/r/personalfinance/comments/7w8ey/life_without_debt_yes_people_do_it/,0,7w8ey,True,False,False,False,[],dark,text,False,{},True,0,0,False,all_ads,/r/personalfinance/comments/7w8ey/life_without_debt_yes_people_do_it/,1522777203,markdown,1,{},,True,False,False,personalfinance,t5_2qstm,public,,default,"Life without Debt - yes, people do it.",http://www.savingadvice.com/blog/2009/02/10/104057_life-without-debt.html,all_ads
gen3ric,1199255690.0,,,"[{'e': 'text', 't': 'Subreddit Creator'}]",Subreddit Creator,,richtext,t2_327wf,True,False,1234216623,mymoneyblog.com,https://www.reddit.com/r/personalfinance/comments/7w3s1/401k_failures_over_last_20_years_the_average/,0,7w3s1,True,False,False,False,[],dark,text,False,{},True,0,0,False,all_ads,/r/personalfinance/comments/7w3s1/401k_failures_over_last_20_years_the_average/,1522777108,markdown,1,{},,True,False,False,personalfinance,t5_2qstm,public,,," 401(k) Failures: Over Last 20 Years, The Average Investor Did Worse Than Cash",http://www.mymoneyblog.com/archives/2009/02/401k-failures-over-last-20-years-the-average-investor-did-worse-than-cash.html,all_ads
gen3ric,1199255690.0,,,"[{'e': 'text', 't': 'Subreddit Creator'}]",Subreddit Creator,,richtext,t2_327wf,True,False,1234216470,bargaineering.com,https://www.reddit.com/r/personalfinance/comments/7w3ra/free_tax_filing_resources/,0,7w3ra,True,False,False,False,[],dark,text,False,{},True,0,0,False,all_ads,/r/personalfinance/comments/7w3ra/free_tax_filing_resources/,1522777106,markdown,1,{},,True,False,False,personalfinance,t5_2qstm,public,,,Free Tax Filing Resources,http://www.bargaineering.com/articles/free-tax-filing-resources.html,all_ads
gen3ric,1199255690.0,,,"[{'e': 'text', 't': 'Subreddit Creator'}]",Subreddit Creator,,richtext,t2_327wf,True,False,1234161106,iwillteachyoutoberich.com,https://www.reddit.com/r/personalfinance/comments/7vwzy/20_questions_that_financially_unprepared_people/,0,7vwzy,True,False,False,False,[],dark,text,False,{},False,0,0,False,all_ads,/r/personalfinance/comments/7vwzy/20_questions_that_financially_unprepared_people/,1522776968,markdown,2,{},,True,False,False,personalfinance,t5_2qstm,public,,,20 questions that financially unprepared people fear,http://www.iwillteachyoutoberich.com/blog/20-questions-that-financially-unprepared-people-fear/,all_ads
gen3ric,1199255690.0,,,"[{'e': 'text', 't': 'Subreddit Creator'}]",Subreddit Creator,,richtext,t2_327wf,True,False,1234147994,investortrip.com,https://www.reddit.com/r/personalfinance/comments/7vvt4/is_a_non_matched_401k_worthwile/,0,7vvt4,True,False,False,False,[],dark,text,False,{},True,0,0,False,all_ads,/r/personalfinance/comments/7vvt4/is_a_non_matched_401k_worthwile/,1522776943,markdown,1,{},,True,False,False,personalfinance,t5_2qstm,public,,,Is a non matched 401k worthwile?,http://www.investortrip.com/is-a-non-matched-401k-worthwhile/,all_ads
taxrascal,1236105625.0,,,[],,,text,t2_3ee1q,True,False,1252589495,taxrascal.com,https://www.reddit.com/r/personalfinance/comments/9j6cw/big_danger_for_soda_lovers/,0,9j6cw,True,False,False,False,[],dark,text,False,{},True,0,0,False,all_ads,/r/personalfinance/comments/9j6cw/big_danger_for_soda_lovers/,1522820257,markdown,0,{},,True,False,False,personalfinance,t5_2qstm,public,,,Big Danger for Soda Lovers,http://www.taxrascal.com/big-danger-for-soda-lovers/441/,all_ads
KSWallace,1249839469.0,,,[],,,text,t2_3kxat,True,False,1252342957,debt.e-tomes.com,https://www.reddit.com/r/personalfinance/comments/9i5mq/consolidate_credit_card_debt_a_mistake_in_the/,0,9i5mq,False,False,False,False,[],dark,text,False,{},True,0,0,False,all_ads,/r/personalfinance/comments/9i5mq/consolidate_credit_card_debt_a_mistake_in_the/,1522819535,markdown,0,{},,True,False,False,personalfinance,t5_2qstm,public,,default,Consolidate Credit Card Debt: A Mistake In The Making?,http://debt.e-tomes.com/consolidate-credit-card-debt.html,all_ads
jkepler1,1248450648.0,,,[],,,text,t2_3k6ps,True,False,1251524651,watsoninc.blogspot.com,https://www.reddit.com/r/personalfinance/comments/9f9vi/watson_inc_should_you_buy_a_house_outright/,0,9f9vi,True,False,False,False,[],dark,text,False,{},True,0,0,False,all_ads,/r/personalfinance/comments/9f9vi/watson_inc_should_you_buy_a_house_outright/,1522817492,markdown,4,{},,True,False,False,personalfinance,t5_2qstm,public,,,Watson Inc: Should You Buy A House Outright?: Eliminate Consumer Debt and Build Wealth,http://watsoninc.blogspot.com/2009/08/should-you-buy-house-outright.html,all_ads
[deleted],,,,,,dark,,,True,False,1250633289,squidoo.com,https://www.reddit.com/r/personalfinance/comments/9bvl9/past_year_tax_do_you_make_these_critical_costly/,0,9bvl9,True,False,False,False,[],dark,text,False,{},True,0,0,False,all_ads,/r/personalfinance/comments/9bvl9/past_year_tax_do_you_make_these_critical_costly/,1522815048,markdown,0,{},,True,False,False,personalfinance,t5_2qstm,public,,,"Past Year Tax: Do You Make These Critical, Costly Mistakes?",http://www.squidoo.com/pastyeartax,all_ads
madbury,1231793252.0,,,[],,,text,t2_3cgdm,True,False,1247845184,termlifepolicy.com,https://www.reddit.com/r/personalfinance/comments/924h3/what_should_you_do_if_you_lied_to_your_life/,0,924h3,False,False,False,False,[],dark,text,False,{},True,1,0,False,all_ads,/r/personalfinance/comments/924h3/what_should_you_do_if_you_lied_to_your_life/,1522808170,markdown,1,{},,True,False,False,personalfinance,t5_2qstm,public,,default,What should you do if you lied to your life insurance company?,http://www.termlifepolicy.com/incorrect-insurance-information.html,all_ads
phillip0504,1247471629.0,,,[],,,text,t2_3joac,True,False,1247481671,insurancefounder.com,https://www.reddit.com/r/personalfinance/comments/90osr/this_is_a_fitting_cost_carpetright_moving/,0,90osr,True,False,False,False,[],dark,text,False,{},True,0,0,False,all_ads,/r/personalfinance/comments/90osr/this_is_a_fitting_cost_carpetright_moving/,1522807145,markdown,0,{},,True,False,False,personalfinance,t5_2qstm,public,,default,"This is a fitting cost? Carpetright moving accounts of the customerâ€™s insurance by 40%
Conflict over an Insurance Claim as customers commiting fraud the company has to collide 
over their loads. Its simple as it sounds to prove oneselves for the committment of frauds
with lot of proofs",http://insurancefounder.com/insurance/this-is-a-fitting-cost-carpetright-moving-accounts-of-the-customers-insurance-by-40?-carpetright-moving-accounts-of-the-customers-insurance-by-40%,all_ads
gen3ric,1199255690.0,,,"[{'e': 'text', 't': 'Subreddit Creator'}]",Subreddit Creator,,richtext,t2_327wf,True,False,1247465883,youtube.com,https://www.reddit.com/r/personalfinance/comments/90mys/money_as_debt_please_watch_this/,0,90mys,True,False,False,False,[],dark,text,False,{},False,2,0,False,all_ads,/r/personalfinance/comments/90mys/money_as_debt_please_watch_this/,1522807110,markdown,3,{},,True,False,False,personalfinance,t5_2qstm,public,,,Money as Debt! Please watch this.,http://www.youtube.com/watch?v=_doYllBk5No&amp;feature=channel,all_ads
kevinweb55,1148094502.0,,,[],,,text,t2_6aa9,True,False,1247066848,creditshout.com,https://www.reddit.com/r/personalfinance/comments/8zbju/best_cash_back_credit_cards_2009/,0,8zbju,True,False,False,False,[],dark,text,False,{},True,0,0,False,all_ads,/r/personalfinance/comments/8zbju/best_cash_back_credit_cards_2009/,1522806175,markdown,0,{},,True,False,False,personalfinance,t5_2qstm,public,,default,Best Cash Back Credit Cards 2009,http://creditshout.com/cash-back-credit-cards/,all_ads
investinternals,1234439497.0,,,[],,,text,t2_3dm3u,True,False,1247047153,investinternals.com,https://www.reddit.com/r/personalfinance/comments/8z8ie/how_to_become_debt_free_is_a_process_based/,0,8z8ie,True,False,False,False,[],dark,text,False,{},True,0,0,False,all_ads,/r/personalfinance/comments/8z8ie/how_to_become_debt_free_is_a_process_based/,1522806115,markdown,3,{},,True,False,False,personalfinance,t5_2qstm,public,,,How to become debt free is a process based approach with 4 core steps. 1. Determine goals 2. C Identifying present status 3. Step by step guidance to be debt free and finally Analyzing the goal success. A true and simple guide in its kind...,http://www.investinternals.com/2009/07/how-to-become-debt-free.html,all_ads
gen3ric,1199255690.0,,,"[{'e': 'text', 't': 'Subreddit Creator'}]",Subreddit Creator,,richtext,t2_327wf,True,False,1242365958,fivecentnickel.com,https://www.reddit.com/r/personalfinance/comments/8kn1u/i_want_admiral_shares_too/,0,8kn1u,True,False,False,False,[],dark,text,False,{},True,0,0,False,all_ads,/r/personalfinance/comments/8kn1u/i_want_admiral_shares_too/,1522795452,markdown,1,{},,True,False,False,personalfinance,t5_2qstm,public,,,I want Admiral shares too!,http://www.fivecentnickel.com/2009/05/12/what-are-vanguard-admiral-shares/,all_ads
drbonemonkey,1209412683.0,,,[],,,text,t2_34ww6,True,False,1241548889,infobarrel.com,https://www.reddit.com/r/personalfinance/comments/8i31s/gerber_coupons/,0,8i31s,False,False,False,False,[],dark,text,False,{},True,0,0,False,all_ads,/r/personalfinance/comments/8i31s/gerber_coupons/,1522793483,markdown,0,{},,True,False,False,personalfinance,t5_2qstm,public,,default,Gerber Coupons,http://www.infobarrel.com/Printable_Coupons:_Gerber_Savings,all_ads
drbonemonkey,1209412683.0,,,[],,,text,t2_34ww6,True,False,1241473074,infobarrel.com,https://www.reddit.com/r/personalfinance/comments/8htpn/claritin_coupons/,0,8htpn,False,False,False,False,[],dark,text,False,{},True,0,0,False,all_ads,/r/personalfinance/comments/8htpn/claritin_coupons/,1522793283,markdown,0,{},,True,False,False,personalfinance,t5_2qstm,public,,default,Claritin Coupons,http://www.infobarrel.com/Printable_Coupons:_Claritin_Savings,all_ads
drbonemonkey,1209412683.0,,,[],,,text,t2_34ww6,True,False,1241226723,infobarrel.com,https://www.reddit.com/r/personalfinance/comments/8h6pq/printable_pampers_coupons/,0,8h6pq,False,False,False,False,[],dark,text,False,{},False,0,0,False,all_ads,/r/personalfinance/comments/8h6pq/printable_pampers_coupons/,1522792795,markdown,2,{},,True,False,False,personalfinance,t5_2qstm,public,,default,Printable Pampers Coupons,http://www.infobarrel.com/Printable_Coupons%3A_Pampers_Diapers_Savings,all_ads
drbonemonkey,1209412683.0,,,[],,,text,t2_34ww6,True,False,1241206006,infobarrel.com,https://www.reddit.com/r/personalfinance/comments/8h4jz/swiffer_coupons/,0,8h4jz,False,False,False,False,[],dark,text,False,{},True,1,0,False,all_ads,/r/personalfinance/comments/8h4jz/swiffer_coupons/,1522792749,markdown,0,{},,True,False,False,personalfinance,t5_2qstm,public,,default,Swiffer Coupons,http://www.infobarrel.com/Printable_Coupons:_Swiffer_and_Swiffer_Wetjet_Savings,all_ads
gen3ric,1199255690.0,,,"[{'e': 'text', 't': 'Subreddit Creator'}]",Subreddit Creator,,richtext,t2_327wf,True,False,1241155961,dumblittleman.com,https://www.reddit.com/r/personalfinance/comments/8gykt/be_frugal_wo_being_miserable/,0,8gykt,True,False,False,False,[],dark,text,False,{},False,0,0,False,all_ads,/r/personalfinance/comments/8gykt/be_frugal_wo_being_miserable/,1522792620,markdown,2,{},,True,False,False,personalfinance,t5_2qstm,public,,,Be Frugal w/o Being Miserable,http://www.dumblittleman.com/2009/04/how-to-be-frugal-without-being.html,all_ads
drbonemonkey,1209412683.0,,,[],,,text,t2_34ww6,True,False,1240613110,infobarrel.com,https://www.reddit.com/r/personalfinance/comments/8f9ad/popeyes_coupons/,0,8f9ad,False,False,False,False,[],dark,text,False,{},True,0,0,False,all_ads,/r/personalfinance/comments/8f9ad/popeyes_coupons/,1522791258,markdown,0,{},,True,False,False,personalfinance,t5_2qstm,public,,default,Popeyes Coupons,http://www.infobarrel.com/Printable_Coupons:_Popeys_Savings,all_ads
drbonemonkey,1209412683.0,,,[],,,text,t2_34ww6,True,False,1240519219,booksie.com,https://www.reddit.com/r/personalfinance/comments/8ey32/coupons_your_source_for_savings/,0,8ey32,False,False,False,False,[],dark,text,False,{},True,0,0,False,all_ads,/r/personalfinance/comments/8ey32/coupons_your_source_for_savings/,1522791015,markdown,0,{},,True,False,False,personalfinance,t5_2qstm,public,,default,Coupons - Your Source for Savings,http://www.booksie.com/non-fiction/article/infobarrel/coupons-your-source-for-savings,all_ads
drbonemonkey,1209412683.0,,,[],,,text,t2_34ww6,True,False,1240433651,infobarrel.com,https://www.reddit.com/r/personalfinance/comments/8en31/huggies_coupons/,0,8en31,False,False,False,False,[],dark,text,False,{},True,0,0,False,all_ads,/r/personalfinance/comments/8en31/huggies_coupons/,1522790778,markdown,0,{},,True,False,False,personalfinance,t5_2qstm,public,,default,Huggies Coupons,http://www.infobarrel.com/Printable_Coupons:_Huggies_Diapers_Savings,all_ads
gen3ric,1199255690.0,,,"[{'e': 'text', 't': 'Subreddit Creator'}]",Subreddit Creator,,richtext,t2_327wf,True,False,1240336076,mytwodollars.com,https://www.reddit.com/r/personalfinance/comments/8e9xn/i_have_no_desire_to_be_wealthy/,0,8e9xn,True,False,False,False,[],dark,text,False,{},True,1,0,False,all_ads,/r/personalfinance/comments/8e9xn/i_have_no_desire_to_be_wealthy/,1522790494,markdown,0,{},,True,False,False,personalfinance,t5_2qstm,public,,,I Have No Desire to be Wealthy,http://www.mytwodollars.com/2009/04/21/i-have-no-need-or-desire-to-be-wealthy/,all_ads
gen3ric,1199255690.0,,,"[{'e': 'text', 't': 'Subreddit Creator'}]",Subreddit Creator,,richtext,t2_327wf,True,False,1240274527,usnews.com,https://www.reddit.com/r/personalfinance/comments/8e251/10_sources_of_retirement_income_never_to_early_to/,0,8e251,True,False,False,False,[],dark,text,False,{},False,0,0,False,all_ads,/r/personalfinance/comments/8e251/10_sources_of_retirement_income_never_to_early_to/,1522790326,markdown,2,{},,True,False,False,personalfinance,t5_2qstm,public,,default,10 sources of retirement income - never to early to start,http://www.usnews.com/blogs/planning-to-retire/2009/4/20/10-sources-of-retirement-income.html?s_cid=rss:planning-to-retire:10-sources-of-retirement-income,all_ads
drbonemonkey,1209412683.0,,,[],,,text,t2_34ww6,True,False,1240258520,infobarrel.com,https://www.reddit.com/r/personalfinance/comments/8e04j/printable_coupons_coupons_from_around_the_web/,0,8e04j,True,False,False,False,[],dark,text,False,{},False,0,0,False,all_ads,/r/personalfinance/comments/8e04j/printable_coupons_coupons_from_around_the_web/,1522790284,markdown,2,{},,True,False,False,personalfinance,t5_2qstm,public,,,Printable Coupons - Coupons from around the web,http://www.infobarrel.com/Printable_Coupons,all_ads
DeadlineNews,1241122455.0,,,[],,,text,t2_3gric,True,False,1255022681,bit.ly,https://www.reddit.com/r/personalfinance/comments/9s4bp/overdraft_fees_gobble_more_cash_than_some_foods/,0,9s4bp,False,False,False,False,[],dark,text,False,{},True,0,0,False,all_ads,/r/personalfinance/comments/9s4bp/overdraft_fees_gobble_more_cash_than_some_foods/,1522826578,markdown,0,{},,True,False,False,personalfinance,t5_2qstm,public,,default,Overdraft fees gobble more cash than some foods,http://bit.ly/3hUXvM,all_ads
DeadlineNews,1241122455.0,,,[],,,text,t2_3gric,True,False,1254960801,bit.ly,https://www.reddit.com/r/personalfinance/comments/9rvdb/finding_the_best_credit_cards/,0,9rvdb,False,False,False,False,[],dark,text,False,{},True,0,0,False,all_ads,/r/personalfinance/comments/9rvdb/finding_the_best_credit_cards/,1522826403,markdown,0,{},,True,False,False,personalfinance,t5_2qstm,public,,default,Finding the best credit cards,http://bit.ly/2GQr9,all_ads
DeadlineNews,1241122455.0,,,[],,,text,t2_3gric,True,False,1254418652,bit.ly,https://www.reddit.com/r/personalfinance/comments/9pxl2/cancel_christmas_consumer_confidence_crushed/,0,9pxl2,False,False,False,False,[],dark,text,False,{},True,0,0,False,all_ads,/r/personalfinance/comments/9pxl2/cancel_christmas_consumer_confidence_crushed/,1522825037,markdown,0,{},,True,False,False,personalfinance,t5_2qstm,public,,default,"Cancel Christmas, consumer confidence crushed",http://bit.ly/pQ0wG,all_ads
DeadlineNews,1241122455.0,,,[],,,text,t2_3gric,True,False,1254295782,bit.ly,https://www.reddit.com/r/personalfinance/comments/9pf73/credit_card_companies_circling_consumers_like/,0,9pf73,False,False,False,False,[],dark,text,False,{},True,0,0,False,all_ads,/r/personalfinance/comments/9pf73/credit_card_companies_circling_consumers_like/,1522824680,markdown,0,{},,True,False,False,personalfinance,t5_2qstm,public,,default,Credit card companies circling consumers like sharks,http://bit.ly/A3IKm,all_ads
gen3ric,1199255690.0,,,"[{'e': 'text', 't': 'Subreddit Creator'}]",Subreddit Creator,,richtext,t2_327wf,True,False,1254007174,ncnblog.com,https://www.reddit.com/r/personalfinance/comments/9of3j/how_to_stay_out_of_debt_no_credit_needed/,0,9of3j,True,False,False,False,[],dark,text,False,{},True,0,0,False,all_ads,/r/personalfinance/comments/9of3j/how_to_stay_out_of_debt_no_credit_needed/,1522823969,markdown,0,{},,True,False,False,personalfinance,t5_2qstm,public,,default,How To Stay Out Of Debt | No Credit Needed,http://www.ncnblog.com/2009/09/24/how-to-stay-out-of-debt/,all_ads
gen3ric,1199255690.0,,,"[{'e': 'text', 't': 'Subreddit Creator'}]",Subreddit Creator,,richtext,t2_327wf,True,False,1254006995,latimes.com,https://www.reddit.com/r/personalfinance/comments/9of2v/dont_bank_on_your_home_as_an_atm_latimescom/,0,9of2v,True,False,False,False,[],dark,text,False,{},True,0,0,False,all_ads,/r/personalfinance/comments/9of2v/dont_bank_on_your_home_as_an_atm_latimescom/,1522823969,markdown,0,{},,True,False,False,personalfinance,t5_2qstm,public,,,Don't bank on your home as an ATM -- latimes.com,"http://www.latimes.com/business/la-fi-cover-housing27-2009sep27,0,6682630,full.story",all_ads
DeadlineNews,1241122455.0,,,[],,,text,t2_3gric,True,False,1253816661,bit.ly,https://www.reddit.com/r/personalfinance/comments/9nr2c/mortgage_manipulation_affects_credit_scores/,0,9nr2c,False,False,False,False,[],dark,text,False,{},True,0,0,False,all_ads,/r/personalfinance/comments/9nr2c/mortgage_manipulation_affects_credit_scores/,1522823497,markdown,0,{},,True,False,False,personalfinance,t5_2qstm,public,,default,Mortgage manipulation affects credit scores ,http://bit.ly/h9ueq,all_ads
DeadlineNews,1241122455.0,,,[],,,text,t2_3gric,True,False,1253815887,bit.ly,https://www.reddit.com/r/personalfinance/comments/9nqxz/credit_score_addition_and_subtraction/,0,9nqxz,False,False,False,False,[],dark,text,False,{},True,0,0,False,all_ads,/r/personalfinance/comments/9nqxz/credit_score_addition_and_subtraction/,1522823494,markdown,0,{},,True,False,False,personalfinance,t5_2qstm,public,,default,Credit score addition and subtraction,http://bit.ly/3wVyEU,all_ads
DeadlineNews,1241122455.0,,,[],,,text,t2_3gric,True,False,1253318988,bit.ly,https://www.reddit.com/r/personalfinance/comments/9m0b7/giving_kids_credit_when_credit_is_due/,0,9m0b7,False,False,False,False,[],dark,text,False,{},True,0,0,False,all_ads,/r/personalfinance/comments/9m0b7/giving_kids_credit_when_credit_is_due/,1522822270,markdown,0,{},,True,False,False,personalfinance,t5_2qstm,public,,default,Giving kids credit when credit is due ,http://bit.ly/27RDV6,all_ads
DeadlineNews,1241122455.0,,,[],,,text,t2_3gric,True,False,1253036526,bit.ly,https://www.reddit.com/r/personalfinance/comments/9kudv/inside_the_credit_card_act_of_2009/,0,9kudv,False,False,False,False,[],dark,text,False,{},True,0,0,False,all_ads,/r/personalfinance/comments/9kudv/inside_the_credit_card_act_of_2009/,1522821444,markdown,0,{},,True,False,False,personalfinance,t5_2qstm,public,,default,Inside the Credit CARD Act of 2009,http://bit.ly/18q8v0,all_ads
jamesgilmore,1225109073.0,,,[],,,text,t2_3a2sr,True,False,1246461844,rubii.co.uk,https://www.reddit.com/r/personalfinance/comments/8xbkp/books_worth_reading_when_planning_for_retirement/,0,8xbkp,True,False,False,False,[],dark,text,False,{},True,0,0,False,all_ads,/r/personalfinance/comments/8xbkp/books_worth_reading_when_planning_for_retirement/,1522804753,markdown,3,{},,True,False,False,personalfinance,t5_2qstm,public,,default,Books worth reading when planning for retirement,http://www.rubii.co.uk/content/blog/read/retirement/books-worth-reading-on-retirement-planning/128,all_ads
factoidz,1239056161.0,,,[],,,text,t2_3fs2j,True,False,1246451890,factoidz.com,https://www.reddit.com/r/personalfinance/comments/8x9xr/where_to_get_your_free_credit_report_safely_from/,0,8x9xr,True,False,False,False,[],dark,text,False,{},True,0,0,False,all_ads,/r/personalfinance/comments/8x9xr/where_to_get_your_free_credit_report_safely_from/,1522804720,markdown,3,{},,True,False,False,personalfinance,t5_2qstm,public,,default,Where to get your free credit report safely from the US government,http://factoidz.com/where-to-get-your-free-credit-report-safely-from-the-us-government/,all_ads
[deleted],,,,,,dark,,,True,False,1245928206,wiki.answers.com,https://www.reddit.com/r/personalfinance/comments/8viy0/what_is_debt_settlement_and_is_freedom_debt/,0,8viy0,False,False,False,False,[],dark,text,False,{},True,0,0,False,all_ads,/r/personalfinance/comments/8viy0/what_is_debt_settlement_and_is_freedom_debt/,1522803464,markdown,1,{},[deleted],True,False,False,personalfinance,t5_2qstm,public,,default,What is debt settlement and is Freedom Debt Relief a good debt settlement company?,http://wiki.answers.com/Q/What_is_debt_settlement_and_is_Freedom_Debt_Relief_a_good_debt_settlement_company,all_ads
gen3ric,1199255690.0,,,"[{'e': 'text', 't': 'Subreddit Creator'}]",Subreddit Creator,,richtext,t2_327wf,True,False,1245259241,getrichslowly.org,https://www.reddit.com/r/personalfinance/comments/8tcav/estate_planning_101/,0,8tcav,True,False,False,False,[],dark,text,False,{},True,0,0,False,all_ads,/r/personalfinance/comments/8tcav/estate_planning_101/,1522801899,markdown,1,{},,True,False,False,personalfinance,t5_2qstm,public,,,Estate Planning 101,http://www.getrichslowly.org/blog/2009/06/17/estate-planning-101-preparing-for-the-possible-and-the-inevitable/,all_ads
gen3ric,1199255690.0,,,"[{'e': 'text', 't': 'Subreddit Creator'}]",Subreddit Creator,,richtext,t2_327wf,True,False,1244657090,bargaineering.com,https://www.reddit.com/r/personalfinance/comments/8rfdi/advice_after_college/,0,8rfdi,True,False,False,False,[],dark,text,False,{},False,0,0,False,all_ads,/r/personalfinance/comments/8rfdi/advice_after_college/,1522800525,markdown,2,{},,True,False,False,personalfinance,t5_2qstm,public,,default,Advice After College,http://www.bargaineering.com/articles/stock-market-investing-advice-for-college-graduates.html,all_ads
gen3ric,1199255690.0,,,"[{'e': 'text', 't': 'Subreddit Creator'}]",Subreddit Creator,,richtext,t2_327wf,True,False,1244008101,bargaineering.com,https://www.reddit.com/r/personalfinance/comments/8pcpv/average_net_worth_of_americans/,0,8pcpv,True,False,False,False,[],dark,text,False,{},False,0,0,False,all_ads,/r/personalfinance/comments/8pcpv/average_net_worth_of_americans/,1522799048,markdown,2,{},,True,False,False,personalfinance,t5_2qstm,public,,default,Average Net Worth of Americans,http://www.bargaineering.com/articles/average-net-worth-of-an-american-family.html,all_ads
kevinweb55,1148094502.0,,,[],,,text,t2_6aa9,True,False,1259097707,creditshout.com,https://www.reddit.com/r/personalfinance/comments/a7td6/bing_cashback_actually_costing_you_money/,0,a7td6,True,False,False,False,[],dark,text,False,{},True,0,0,False,all_ads,/r/personalfinance/comments/a7td6/bing_cashback_actually_costing_you_money/,1522861668,markdown,0,{},,True,False,False,personalfinance,t5_2qstm,public,,,Bing CashBack Actually Costing You Money?,http://creditshout.com/bing-cashback-actually-costing-you-money/,all_ads
kevinweb55,1148094502.0,,,[],,,text,t2_6aa9,True,False,1259085015,creditshout.com,https://www.reddit.com/r/personalfinance/comments/a7qy9/discover_card_iphone_app_now_available/,0,a7qy9,True,False,False,False,[],dark,text,False,{},True,0,0,False,all_ads,/r/personalfinance/comments/a7qy9/discover_card_iphone_app_now_available/,1522861619,markdown,0,{},,True,False,False,personalfinance,t5_2qstm,public,,,Discover Card iPhone App Now Available,http://creditshout.com/discover-iphone-app-now-available/,all_ads
gkchesman,1256759373.0,,,[],,,text,t2_3p4i6,True,False,1258995417,wisebread.com,https://www.reddit.com/r/personalfinance/comments/a7bzs/top_100_most_popular_personal_finance_blogs/,0,a7bzs,True,False,False,False,[],dark,text,False,{},True,0,0,False,all_ads,/r/personalfinance/comments/a7bzs/top_100_most_popular_personal_finance_blogs/,1522853142,markdown,1,{},,True,False,False,personalfinance,t5_2qstm,public,,default,Top 100+ Most Popular Personal Finance Blogs,http://www.wisebread.com/top-100-most-popular-personal-finance-blogs/,all_ads
BioGeek,1124683200.0,,,[],,,text,t2_1vvp,True,False,1258975414,personal.vanguard.com,https://www.reddit.com/r/personalfinance/comments/a78jh/investing_even_small_amounts_of_money_over_time/,0,a78jh,True,False,False,False,[],dark,text,False,{},False,0,0,False,all_ads,/r/personalfinance/comments/a78jh/investing_even_small_amounts_of_money_over_time/,1522853075,markdown,7,{},,True,False,False,personalfinance,t5_2qstm,public,,default,Investing even small amounts of money over time can have a big payoff--if you start earlier than later. Discover the power of compounding.,https://personal.vanguard.com/us/content/SiteWide/FlashPgs/SWFlshPwrOfCompContent.jsp,all_ads
kevinweb55,1148094502.0,,,[],,,text,t2_6aa9,True,False,1258932096,creditshout.com,https://www.reddit.com/r/personalfinance/comments/a72zg/secrets_to_buying_a_new_car_with_a_rewards_credit/,0,a72zg,True,False,False,False,[],dark,text,False,{},True,0,0,False,all_ads,/r/personalfinance/comments/a72zg/secrets_to_buying_a_new_car_with_a_rewards_credit/,1522852963,markdown,0,{},,True,False,False,personalfinance,t5_2qstm,public,,,Secrets to Buying a New Car with a Rewards Credit Card ,http://creditshout.com/secrets-to-buying-a-new-car-with-a-credit-card/,all_ads
oneadvice,1224234426.0,,,[],,,text,t2_39ryv,True,False,1258720449,debtfree.co.uk,https://www.reddit.com/r/personalfinance/comments/a6ehe/debt_free_in_4_simple_ways/,0,a6ehe,True,False,False,False,[],dark,text,False,{},True,0,0,False,all_ads,/r/personalfinance/comments/a6ehe/debt_free_in_4_simple_ways/,1522852474,markdown,0,{},,True,False,False,personalfinance,t5_2qstm,public,,default,Debt Free in 4 Simple Ways,http://www.debtfree.co.uk/articles-debt-free-in-4-simple-ways.html,all_ads
kevinweb55,1148094502.0,,,[],,,text,t2_6aa9,True,False,1258685638,creditshout.com,https://www.reddit.com/r/personalfinance/comments/a69n6/best_iphone_apps_for_managing_your_credit_cards/,0,a69n6,True,False,False,False,[],dark,text,False,{},True,0,0,False,all_ads,/r/personalfinance/comments/a69n6/best_iphone_apps_for_managing_your_credit_cards/,1522852378,markdown,0,{},,True,False,False,personalfinance,t5_2qstm,public,,,Best iPhone Apps for Managing Your Credit Cards,http://creditshout.com/best-iphone-apps-for-managing-your-credit-cards/,all_ads
oneadvice,1224234426.0,,,[],,,text,t2_39ryv,True,False,1258463171,oneadvice.co.uk,https://www.reddit.com/r/personalfinance/comments/a58vz/3_key_iva_benefits/,0,a58vz,True,False,False,False,[],dark,text,False,{},True,0,0,False,all_ads,/r/personalfinance/comments/a58vz/3_key_iva_benefits/,1522851638,markdown,0,{},,True,False,False,personalfinance,t5_2qstm,public,,,3 Key IVA Benefits,http://www.oneadvice.co.uk/IVAandDebtNews/key-iva-benefits.html,all_ads
kevinweb55,1148094502.0,,,[],,,text,t2_6aa9,True,False,1258071780,creditshout.com,https://www.reddit.com/r/personalfinance/comments/a3tmd/chase_blueprint_review/,0,a3tmd,True,False,False,False,[],dark,text,False,{},True,0,0,False,all_ads,/r/personalfinance/comments/a3tmd/chase_blueprint_review/,1522850610,markdown,0,{},,True,False,False,personalfinance,t5_2qstm,public,,,Chase Blueprint Review,http://creditshout.com/chase-blueprint-review/,all_ads
supn9,1246983748.0,,,[],,,text,t2_3jf21,True,False,1256296280,finance.yahoo.com,https://www.reddit.com/r/personalfinance/comments/9wzf3/homes_to_get_much_cheaper/,0,9wzf3,True,False,False,False,[],dark,text,False,{},True,0,0,False,all_ads,/r/personalfinance/comments/9wzf3/homes_to_get_much_cheaper/,1522845641,markdown,0,{},,True,False,False,personalfinance,t5_2qstm,public,,default,Homes to get much cheaper,http://finance.yahoo.com/news/Homes-About-to-get-much-cnnm-699910894.html?x=0,all_ads
jkepler1,1248450648.0,,,[],,,text,t2_3k6ps,True,False,1256241138,mahalo.com,https://www.reddit.com/r/personalfinance/comments/9wrvy/how_to_get_a_gold_american_express_card/,0,9wrvy,True,False,False,False,[],dark,text,False,{},True,0,0,False,all_ads,/r/personalfinance/comments/9wrvy/how_to_get_a_gold_american_express_card/,1522845486,markdown,0,{},,True,False,False,personalfinance,t5_2qstm,public,,,How to Get a Gold American Express Card,http://www.mahalo.com/how-to-get-a-gold-american-express-card,all_ads
financedad,1261509711.0,,,[],,,text,t2_3sbht,True,False,1262110624,financedad.com,https://www.reddit.com/r/personalfinance/comments/ajm6q/persuading_family_members_to_buy_bonds_or/,0,ajm6q,True,False,False,False,[],dark,text,False,{},True,0,0,False,all_ads,/r/personalfinance/comments/ajm6q/persuading_family_members_to_buy_bonds_or/,1522879841,markdown,0,{},,True,False,False,personalfinance,t5_2qstm,public,,,Persuading family members to buy bonds or investments for gifts for your kids,http://financedad.com/persuading-family-members-to-buy-bonds-or-investments-for-gifts-for-your-kids/,all_ads
mitya001,1261530700.0,,,[],,,text,t2_3sc2z,True,False,1261530736,ccdb.com,https://www.reddit.com/r/personalfinance/comments/ahnri/ccdb_credit_card_database/,0,ahnri,True,False,False,False,[],dark,text,False,{},True,1,0,False,all_ads,/r/personalfinance/comments/ahnri/ccdb_credit_card_database/,1522868784,markdown,0,{},,True,False,False,personalfinance,t5_2qstm,public,,default,CCDB - Credit Card Database,http://www.ccdb.com/,all_ads
kevinweb55,1148094502.0,,,[],,,text,t2_6aa9,True,False,1259725319,creditshout.com,https://www.reddit.com/r/personalfinance/comments/aa427/how_to_save_money_on_holiday_shopping_with_your/,0,aa427,True,False,False,False,[],dark,text,False,{},True,0,0,False,all_ads,/r/personalfinance/comments/aa427/how_to_save_money_on_holiday_shopping_with_your/,1522863324,markdown,0,{},,True,False,False,personalfinance,t5_2qstm,public,,,How To: Save Money on Holiday Shopping with Your Credit Card ,http://creditshout.com/how-to-save-money-on-holiday-shopping-with-your-credit-card/,all_ads
maxpow01,1257932275.0,,,[],,,text,t2_3pu6h,True,False,1259659213,articuloz.com,https://www.reddit.com/r/personalfinance/comments/a9sly/llegan_los_prÃ©stamos_rÃ¡pidos/,0,a9sly,True,False,False,False,[],dark,text,False,{},True,0,0,False,all_ads,/r/personalfinance/comments/a9sly/llegan_los_prÃ©stamos_rÃ¡pidos/,1522863095,markdown,0,{},,True,False,False,personalfinance,t5_2qstm,public,,default,Llegan Los PrÃ©stamos RÃ¡pidos,http://www.articuloz.com/prestamos-articulos/llegan-los-prestamos-rapidos-1507834.html,all_ads
mgagen,1257951753.0,,,[],,,text,t2_3pum7,True,False,1259597059,selfgrowthengine.com,https://www.reddit.com/r/personalfinance/comments/a9ilk/staying_out_of_debt_for_the_holidays/,0,a9ilk,True,False,False,False,[],dark,text,False,{},True,1,0,False,all_ads,/r/personalfinance/comments/a9ilk/staying_out_of_debt_for_the_holidays/,1522862893,markdown,0,{},,True,False,False,personalfinance,t5_2qstm,public,,,Staying Out of Debt for the Holidays,http://www.selfgrowthengine.com/content/staying-out-debt-holidays,all_ads
kevinweb55,1148094502.0,,,[],,,text,t2_6aa9,True,False,1259175906,creditshout.com,https://www.reddit.com/r/personalfinance/comments/a85iu/a_guide_to_surviving_black_friday_2009/,0,a85iu,True,False,False,False,[],dark,text,False,{},True,0,0,False,all_ads,/r/personalfinance/comments/a85iu/a_guide_to_surviving_black_friday_2009/,1522861911,markdown,0,{},,True,False,False,personalfinance,t5_2qstm,public,,,A Guide to Surviving Black Friday 2009,http://creditshout.com/a-guide-to-surviving-black-friday-2009/,all_ads
